{"DESCRIPTORS": {"CrippenClogP": {"mean": 3.517893, "std": 2.8702283}, "CrippenMR": {"mean": 102.11793, "std": 51.34384}, "FractionCSP3": {"mean": 0.41760027, "std": 0.24878657}, "NumAliphaticHeterocycles": {"mean": 0.5772, "std": 0.8088511}, "NumAliphaticRings": {"mean": 0.9013, "std": 1.117568}, "NumAmideBonds": {"mean": 0.7032, "std": 1.1500043}, "NumAromaticHeterocycles": {"mean": 0.7444, "std": 0.90447146}, "NumAromaticRings": {"mean": 2.0449, "std": 1.7659796}, "NumAtoms": {"mean": 49.7022, "std": 26.178009}, "NumBridgeheadAtoms": {"mean": 0.0902, "std": 0.65334827}, "NumHBA": {"mean": 4.5919, "std": 2.8690686}, "NumHBD": {"mean": 1.4, "std": 1.7052273}, "NumHeavyAtoms": {"mean": 26.265, "std": 13.163737}, "NumHeteroatoms": {"mean": 6.6242, "std": 3.9623446}, "NumHeterocycles": {"mean": 1.3216, "std": 1.1776984}, "NumRings": {"mean": 2.9462, "std": 2.0246742}, "NumRotatableBonds": {"mean": 5.9689, "std": 5.971058}, "NumSaturatedHeterocycles": {"mean": 0.409, "std": 0.6937716}, "NumSaturatedRings": {"mean": 0.6421, "std": 0.9712917}, "NumSpiroAtoms": {"mean": 0.0272, "std": 0.17395447}, "Phi": {"mean": 6.179763, "std": 5.166345}, "amw": {"mean": 378.25677, "std": 182.98288}, "chi0n": {"mean": 15.162431, "std": 7.6533217}, "chi0v": {"mean": 15.788374, "std": 7.7594037}, "chi1n": {"mean": 8.827898, "std": 4.698588}, "chi1v": {"mean": 9.468148, "std": 4.967597}, "chi2n": {"mean": 4.660916, "std": 2.8115141}, "chi2v": {"mean": 5.306247, "std": 3.3120253}, "chi3n": {"mean": 4.660916, "std": 2.8115141}, "chi3v": {"mean": 5.306247, "std": 3.3120253}, "chi4n": {"mean": 3.2359004, "std": 2.1734586}, "chi4v": {"mean": 3.764244, "std": 2.7807267}, "exactmw": {"mean": 377.8085, "std": 182.81932}, "hallKierAlpha": {"mean": -2.3058395, "std": 1.559226}, "kappa1": {"mean": 18.94442, "std": 10.078521}, "kappa2": {"mean": 8.351188, "std": 5.7799582}, "kappa3": {"mean": 6.0279894, "std": 96.79308}, "labuteASA": {"mean": 157.00441, "std": 76.80173}, "lipinskiHBA": {"mean": 5.5096, "std": 3.6496997}, "lipinskiHBD": {"mean": 1.5715, "std": 1.9786581}, "tpsa": {"mean": 72.24292, "std": 53.589214}}, "PC_VECTORS": [[0.113483444, 0.20785552, -0.0051676594, 0.075909935, 0.08787807, 0.10040544, 0.048439763, 0.10502204, 0.20532188, 0.04845683, 0.1494464, 0.09927031, 0.20989734, 0.153274, 0.089337155, 0.14010972, 0.15261672, 0.05849923, 0.067258775, 0.03140558, 0.160895, 0.20843565, 0.20946366, 0.2099484, 0.20896144, 0.2078267, 0.20019093, 0.19117948, 0.20019093, 0.19117948, 0.19119933, 0.17408064, 0.20848288, -0.15309642, 0.20537385, 0.18064858, 0.002557927, 0.21027023, 0.15496688, 0.09301246, 0.14145964], [-0.24975435, -0.028325167, 0.014963462, -0.1295602, -0.22142875, 0.21407609, -0.06282672, -0.16370958, 0.01239384, -0.09973132, 0.18158256, 0.32406548, 0.0022146858, 0.22962156, -0.13723369, -0.2650152, 0.1786638, -0.097876556, -0.16973408, -0.12994102, 0.15017447, 0.019588439, -0.004742023, -0.003971381, -0.03399667, -0.031848095, -0.12216058, -0.12113008, -0.12216058, -0.12113008, -0.16436273, -0.15750158, 0.019636588, -0.010904994, 0.076794825, 0.11968434, 0.013689724, -0.0024044837, 0.248826, 0.32689714, 0.30210513], [-0.2653046, -0.087371364, 0.30545866, 0.3516009, 0.3472982, 0.10115464, -0.14200471, -0.28452986, -0.007369579, 0.14330073, 0.08664107, 0.10762855, -0.060434714, 0.07603066, 0.13242233, -0.05647553, -0.059288263, 0.37856838, 0.3861648, 0.13341098, -0.046173334, -0.053372465, -0.044505462, -0.050985407, -0.03309484, -0.037509464, 0.022573309, 0.013529361, 0.022573309, 0.013529361, 0.037258267, 0.029273095, -0.05321418, 0.17586388, -0.034879, -0.059596773, -0.0010954719, -0.061838586, 0.10677255, 0.10338066, 0.09673121], [0.16449302, 0.023515506, 0.31113285, -0.11953043, 0.0040919627, -0.067894466, -0.38056892, -0.27867794, 0.12020881, -0.020591585, -0.2036604, -0.073392026, -0.018635616, -0.16465071, -0.37437093, -0.24081235, 0.24910957, -0.07643685, 0.03973252, -0.0152852, 0.2629177, -0.0006119763, 0.046349347, 0.049845256, 0.061284777, 0.07493022, 0.04529415, 0.074957065, 0.04529415, 0.074957065, 0.035883565, 0.06763625, -0.0006276803, 0.24787086, 0.088342756, 0.19846849, 0.027991246, 0.0051939962, -0.18229556, -0.073277555, -0.15731929], [0.02029643, -0.0074052345, 0.17185064, 0.17180663, -0.15597889, -0.22856542, 0.3054988, -0.09119147, 0.03777845, -0.19956768, 0.22934042, -0.3189525, -0.010700488, 0.101976186, 0.35262078, -0.16563618, 0.20303556, 0.21996938, -0.07483199, -0.2360755, 0.20143686, 0.01466131, 0.014898181, 0.029302772, 0.0063901874, 0.039533045, -0.09563418, -0.028652098, -0.09563418, -0.028652098, -0.13645536, -0.055913504, 0.014686413, 0.13830036, 0.05275444, 0.16288835, 0.050969172, 0.001004705, 0.07252384, -0.330086, -0.0531249], [-0.0051027215, -0.028703442, 0.13571152, -0.19630805, 0.035914965, -0.23265027, 0.26747397, -0.018133312, -0.007259594, 0.53893477, 0.04916282, 0.12963308, -0.045591544, -0.016722571, 0.07059411, 0.0040077358, 0.026718758, -0.20303123, 0.053323347, -0.28687966, -0.0108439, -0.032041356, -0.029883197, -0.018490385, -0.018860063, 0.00891545, 0.013629816, 0.07156042, 0.013629816, 0.07156042, 0.0319523, 0.104401864, -0.032075923, 0.13685028, -0.03180273, -0.028838642, 0.54838836, -0.03906553, -0.021853557, 0.14080721, 0.03518733]], "PC_BIN_EDGES": {"pc0": [-3.2502134, -2.118811, -0.908717, 0.5426051, 2.6125426], "pc1": [-1.2481949, -0.48250654, 0.0829345, 0.6011743, 1.30556], "pc2": [-1.5562555, -0.93137926, -0.27791247, 0.5399038, 1.643841], "pc3": [-1.4079038, -0.6488639, -0.06888583, 0.5348601, 1.2737093], "pc4": [-0.8354636, -0.3697585, 0.0062043928, 0.38769355, 0.8607549], "pc5": [-0.52788824, -0.23445448, -0.013188118, 0.20717637, 0.47350758]}}