{"DESCRIPTORS": {"CrippenClogP": {"mean": 3.5001907, "std": 2.837087}, "CrippenMR": {"mean": 101.69445, "std": 49.897213}, "FractionCSP3": {"mean": 0.4238653, "std": 0.24855155}, "NumAliphaticHeterocycles": {"mean": 0.5972, "std": 0.9976734}, "NumAliphaticRings": {"mean": 0.9272, "std": 1.2730672}, "NumAmideBonds": {"mean": 0.6973, "std": 1.1260873}, "NumAromaticHeterocycles": {"mean": 0.7359, "std": 0.90108335}, "NumAromaticRings": {"mean": 2.0144, "std": 1.7075692}, "NumAtoms": {"mean": 49.6107, "std": 25.482918}, "NumBridgeheadAtoms": {"mean": 0.1074, "std": 0.76070046}, "NumHBA": {"mean": 4.5554, "std": 3.0433092}, "NumHBD": {"mean": 1.3885, "std": 1.7028705}, "NumHeavyAtoms": {"mean": 26.1336, "std": 12.884252}, "NumHeteroatoms": {"mean": 6.5616, "std": 4.1759315}, "NumHeterocycles": {"mean": 1.3331, "std": 1.3035123}, "NumRings": {"mean": 2.9416, "std": 2.0320406}, "NumRotatableBonds": {"mean": 5.9408, "std": 5.6853933}, "NumSaturatedHeterocycles": {"mean": 0.4355, "std": 0.90963715}, "NumSaturatedRings": {"mean": 0.6759, "std": 1.1489383}, "NumSpiroAtoms": {"mean": 0.029, "std": 0.21484646}, "Phi": {"mean": 6.1581054, "std": 5.0205483}, "amw": {"mean": 376.65176, "std": 181.02232}, "chi0n": {"mean": 15.098942, "std": 7.4622536}, "chi0v": {"mean": 15.733506, "std": 7.601341}, "chi1n": {"mean": 8.798324, "std": 4.5527353}, "chi1v": {"mean": 9.440481, "std": 4.842618}, "chi2n": {"mean": 4.6570697, "std": 2.7182038}, "chi2v": {"mean": 5.3004203, "std": 3.1341805}, "chi3n": {"mean": 4.6570697, "std": 2.7182038}, "chi3v": {"mean": 5.3004203, "std": 3.1341805}, "chi4n": {"mean": 3.2351713, "std": 2.1098142}, "chi4v": {"mean": 3.7599595, "std": 2.4878333}, "exactmw": {"mean": 376.20822, "std": 180.84874}, "hallKierAlpha": {"mean": -2.2680247, "std": 1.5007169}, "kappa1": {"mean": 18.876999, "std": 9.923186}, "kappa2": {"mean": 8.315813, "std": 5.5966845}, "kappa3": {"mean": 5.1291347, "std": 21.852003}, "labuteASA": {"mean": 156.36864, "std": 75.17716}, "lipinskiHBA": {"mean": 5.4474, "std": 3.775372}, "lipinskiHBD": {"mean": 1.5618, "std": 1.9393249}, "tpsa": {"mean": 71.37704, "std": 55.35183}}, "PC_VECTORS": [[0.10055453, 0.20563771, -0.005287288, 0.09053092, 0.09651838, 0.09643648, 0.038843904, 0.10020715, 0.20374303, 0.060586404, 0.14889441, 0.10003972, 0.20888919, 0.15206231, 0.096141696, 0.1446748, 0.14735772, 0.080232345, 0.08127696, 0.02430337, 0.16095096, 0.20753793, 0.20780455, 0.20856892, 0.20721538, 0.2075955, 0.19828117, 0.19336578, 0.19828117, 0.19336578, 0.18841964, 0.18318522, 0.20758913, -0.14586699, 0.20475893, 0.18035059, 0.024994042, 0.20919576, 0.15461077, 0.091213085, 0.14132448], [-0.3539979, -0.104222484, 0.19646178, 0.28862423, 0.2308377, 0.12392555, -0.080067255, -0.2615912, -0.04014656, 0.14481772, 0.19710708, 0.24886097, -0.058006864, 0.19058813, 0.16555688, -0.07520183, -0.021348605, 0.3101823, 0.27244535, 0.046098527, -0.013301977, -0.039287683, -0.06513634, -0.06474531, -0.06968889, -0.05960988, -0.058507323, -0.059761513, -0.058507323, -0.059761513, -0.057874758, -0.059586428, -0.03917952, 0.14049807, -0.018332206, -0.03315388, 0.001808784, -0.06473007, 0.21787499, 0.24290565, 0.23762858], [0.10280958, -0.016142618, 0.04198267, 0.22535564, 0.32940158, -0.17809345, 0.05234132, 0.08786775, -0.042699635, 0.19951855, -0.11058704, -0.22384553, -0.027361216, -0.15371686, 0.20866331, 0.28020632, -0.23741497, 0.20032981, 0.29241517, 0.19518001, -0.2043686, -0.041445587, -0.028285665, -0.03050489, 0.0015763084, -0.002593027, 0.11597384, 0.102189496, 0.11597384, 0.102189496, 0.16884229, 0.15071206, -0.041458193, 0.040810667, -0.103261165, -0.1722155, -0.06784281, -0.027197216, -0.16274272, -0.23348255, -0.20287983], [0.09842189, 0.0014708897, 0.39487582, -0.027365273, 0.09979973, -0.034553926, -0.40546295, -0.33706623, 0.11446889, 0.009017661, -0.18460822, -0.06630628, -0.03607353, -0.15653329, -0.3012304, -0.22072007, 0.20942563, 0.0027610504, 0.12612125, 0.07625641, 0.2198103, -0.020241447, 0.033829633, 0.032947052, 0.05393016, 0.056550015, 0.06840647, 0.08096114, 0.06840647, 0.08096114, 0.069747575, 0.08008331, -0.020221718, 0.2879316, 0.06512748, 0.1581164, 0.07437111, -0.0128726605, -0.16186728, -0.0662036, -0.14936955], [-0.058794938, 0.0019102406, -0.13486671, -0.20026198, 0.090580314, 0.29821357, -0.24601413, 0.04639551, -0.02859832, 0.15825409, -0.17703858, 0.29493883, 0.010299395, -0.072019026, -0.32333818, 0.095735475, -0.19066358, -0.24163266, 0.028712234, 0.40449116, -0.17950787, -0.018585224, -0.007853015, -0.026267767, -0.004420748, -0.04524941, 0.090959065, 0.023446133, 0.090959065, 0.023446133, 0.13675262, 0.05932265, -0.018522434, -0.15533878, -0.044600658, -0.1461083, -0.16250154, -0.0017656584, -0.030328168, 0.31719768, 0.07106188], [0.00606071, -0.014806078, -0.040791553, -0.0716525, 0.009430092, -0.060437948, 0.09721918, 0.037362773, -0.024421083, 0.16814482, -0.00021240735, 0.053581815, -0.015502033, -0.012953033, 0.012364127, 0.0373047, -1.1738656e-05, -0.07216413, 0.008966309, 0.22062047, 0.0035888562, -0.018635115, -0.022065835, -0.021475464, -0.01659349, -0.013329297, -0.006472084, -0.014464126, -0.006472084, -0.014464126, 0.014491711, 0.0036506837, -0.018618306, -0.0037665232, -0.023586573, -0.0022673847, 0.9400899, -0.017758219, -0.007995603, 0.053612866, 0.016460693]],