{"DESCRIPTORS": {"CrippenClogP": {"mean": 3.48978, "std": 2.7385826}, "CrippenMR": {"mean": 100.619156, "std": 47.525356}, "FractionCSP3": {"mean": 0.42220965, "std": 0.24961637}, "NumAliphaticHeterocycles": {"mean": 0.5899, "std": 0.8825633}, "NumAliphaticRings": {"mean": 0.9191, "std": 1.1938823}, "NumAmideBonds": {"mean": 0.6839, "std": 1.0651671}, "NumAromaticHeterocycles": {"mean": 0.7259, "std": 0.8788454}, "NumAromaticRings": {"mean": 1.9958, "std": 1.6846906}, "NumAtoms": {"mean": 49.058, "std": 24.256353}, "NumBridgeheadAtoms": {"mean": 0.0982, "std": 0.6675004}, "NumHBA": {"mean": 4.4809, "std": 2.8099172}, "NumHBD": {"mean": 1.3765, "std": 1.6172037}, "NumHeavyAtoms": {"mean": 25.8282, "std": 12.252138}, "NumHeteroatoms": {"mean": 6.4821, "std": 3.8252163}, "NumHeterocycles": {"mean": 1.3158, "std": 1.2123821}, "NumRings": {"mean": 2.9149, "std": 1.9888836}, "NumRotatableBonds": {"mean": 5.858, "std": 5.2118936}, "NumSaturatedHeterocycles": {"mean": 0.4171, "std": 0.76988804}, "NumSaturatedRings": {"mean": 0.6591, "std": 1.0554086}, "NumSpiroAtoms": {"mean": 0.0299, "std": 0.21167426}, "Phi": {"mean": 6.062645, "std": 4.4576836}, "amw": {"mean": 372.4963, "std": 169.95488}, "chi0n": {"mean": 14.928072, "std": 7.1253576}, "chi0v": {"mean": 15.563087, "std": 7.200096}, "chi1n": {"mean": 8.699909, "std": 4.364557}, "chi1v": {"mean": 9.341596, "std": 4.602855}, "chi2n": {"mean": 4.6108074, "std": 2.671352}, "chi2v": {"mean": 5.276134, "std": 3.311778}, "chi3n": {"mean": 4.6108074, "std": 2.671352}, "chi3v": {"mean": 5.276134, "std": 3.311778}, "chi4n": {"mean": 3.2105775, "std": 2.1153152}, "chi4v": {"mean": 3.7705364, "std": 3.5153446}, "exactmw": {"mean": 372.05298, "std": 169.79915}, "hallKierAlpha": {"mean": -2.2394726, "std": 1.4694582}, "kappa1": {"mean": 18.63608, "std": 9.249416}, "kappa2": {"mean": 8.198164, "std": 5.0501337}, "kappa3": {"mean": 5.939526, "std": 97.48255}, "labuteASA": {"mean": 154.61682, "std": 71.318436}, "lipinskiHBA": {"mean": 5.3771, "std": 3.5231087}, "lipinskiHBD": {"mean": 1.5477, "std": 1.8744398}, "tpsa": {"mean": 70.40999, "std": 51.659306}}, "PC_VECTORS": [[0.11249696, 0.2101702, -0.005974706, 0.08810445, 0.09693655, 0.09045296, 0.041850194, 0.104964726, 0.20778275, 0.054313425, 0.14985475, 0.0922562, 0.2129466, 0.15084323, 0.09447319, 0.14709957, 0.14718392, 0.0725444, 0.07651591, 0.028751403, 0.16175921, 0.21102446, 0.21229663, 0.2127358, 0.2115072, 0.21069342, 0.20140105, 0.18393049, 0.20140105, 0.18393049, 0.19133918, 0.13753551, 0.2110809, -0.15381666, 0.2084469, 0.18348734, 0.0010227663, 0.21323575, 0.15458064, 0.08438505, 0.13922472], [-0.36461982, -0.083547324, 0.1649619, 0.1379984, 0.046031624, 0.21405634, -0.07555127, -0.27060074, -0.012944081, 0.062384117, 0.22465423, 0.32548955, -0.037428834, 0.24727136, 0.045690574, -0.20158151, 0.079953, 0.17305708, 0.10506559, -0.029465877, 0.07480582, -0.01965861, -0.04131136, -0.044140913, -0.059481557, -0.05966811, -0.09415626, -0.10096867, -0.09415626, -0.10096867, -0.11610021, -0.10462296, -0.019518621, 0.080857605, 0.028285086, 0.044244096, 0.009246137, -0.044528764, 0.28016272, 0.3244489, 0.3133256], [-0.05610198, -0.05492012, 0.20883808, 0.33441716, 0.40731007, -0.075694986, -0.06999252, -0.12208479, -0.018065764, 0.22164209, -0.0420081, -0.11252822, -0.052972395, -0.09078039, 0.19270469, 0.1410868, -0.16986245, 0.33199146, 0.40309036, 0.2013089, -0.13601792, -0.058068346, -0.036915664, -0.041903555, -0.0075852596, -0.012158744, 0.09511699, 0.0859962, 0.09511699, 0.0859962, 0.13719347, 0.10673964, -0.057995543, 0.15174906, -0.081224605, -0.12714541, -0.00821338, -0.05059522, -0.07636703, -0.11890297, -0.113396205], [0.10546209, 0.011081528, 0.35021326, -0.10454539, 0.014855919, -0.028895328, -0.39832044, -0.3150092, 0.12294532, -0.0367653, -0.1718113, -0.031061146, -0.02651718, -0.14177342, -0.36484373, -0.25791192, 0.26456708, -0.06047674, 0.054231647, 0.006982945, 0.2670474, -0.009134446, 0.043114614, 0.043702837, 0.055482183, 0.06476246, 0.04234574, 0.070818245, 0.04234574, 0.070818245, 0.03364025, 0.06433753, -0.009126059, 0.26130137, 0.089076914, 0.19540614, 0.022813253, -0.003393821, -0.14450285, -0.031824823, -0.1181997], [-0.042071804, -0.0024549896, -0.14549753, -0.2173087, 0.112416275, 0.19241256, -0.22795746, 0.06903976, -0.04848402, 0.18925497, -0.18806593, 0.3380782, -0.0014797711, -0.069524236, -0.32343602, 0.12596133, -0.20749131, -0.26745594, 0.04257163, 0.3347053, -0.1924225, -0.016963853, -0.028152684, -0.03275917, -0.020966971, -0.02880744, 0.08355474, 0.08788355, 0.08355474, 0.08788355, 0.12756217, 0.13920999, -0.01699835, -0.10690604, -0.056291003, -0.16154593, -0.016881553, -0.011094609, -0.049957182, 0.35441703, 0.08281664], [-0.10670123, -0.06818343, 0.10774856, -0.16948977, -0.07360191, -0.25998616, 0.29097393, -0.06484354, -0.06167872, -0.06383369, 0.14662392, 0.045224406, -0.08341742, 0.11218845, 0.08754307, -0.09910752, 0.00038886524, -0.14810896, -0.042476457, -0.05388761, -0.040526304, -0.029130386, -0.073050395, -0.023051217, -0.08484724, 0.060220584, -0.060980134, 0.36498398, -0.060980134, 0.36498398, -0.047893226, 0.5632957, -0.029278405, 0.22606465, -0.0444803, -0.075985536, -0.022440724, -0.07019245, 0.03531756, 0.05652374, 0.06647681]], "PC_BIN_EDGES": {"pc0": [-4.8507257, -3.9860904, -3.4391823, -3.021606, -2.654372, -2.3519886, -2.0337982, -1.6631378, -1.2649008, -0.86887795, -0.41569483, 0.05028049, 0.5167613, 1.0189089, 1.6043024, 2.2539113, 3.094752, 4.3930683, 7.1959724], "pc1": [-0.8168873, 0.016793849, 0.8810086], "pc2": [-1.1941046, -0.33110777, 0.8755438], "pc3": [-0.6822507, 0.58077437], "pc4": [-0.033659603], "pc5": [-0.04640004]}}