{"DESCRIPTORS": {"CrippenClogP": {"mean": 3.5085754, "std": 2.948379}, "CrippenMR": {"mean": 101.74838, "std": 51.020805}, "FractionCSP3": {"mean": 0.42003876, "std": 0.24970636}, "NumAliphaticHeterocycles": {"mean": 0.5825, "std": 0.8572011}, "NumAliphaticRings": {"mean": 0.8985, "std": 1.1300433}, "NumAmideBonds": {"mean": 0.6908, "std": 1.1058912}, "NumAromaticHeterocycles": {"mean": 0.7297, "std": 0.8879403}, "NumAromaticRings": {"mean": 2.0213, "std": 1.716405}, "NumAtoms": {"mean": 49.6402, "std": 26.417107}, "NumBridgeheadAtoms": {"mean": 0.0794, "std": 0.63599974}, "NumHBA": {"mean": 4.5666, "std": 2.93141}, "NumHBD": {"mean": 1.3815, "std": 1.6569724}, "NumHeavyAtoms": {"mean": 26.1441, "std": 13.111092}, "NumHeteroatoms": {"mean": 6.5646, "std": 3.981184}, "NumHeterocycles": {"mean": 1.3122, "std": 1.2017201}, "NumRings": {"mean": 2.9198, "std": 1.9853382}, "NumRotatableBonds": {"mean": 6.0237, "std": 6.0161896}, "NumSaturatedHeterocycles": {"mean": 0.422, "std": 0.7551927}, "NumSaturatedRings": {"mean": 0.647, "std": 0.9910555}, "NumSpiroAtoms": {"mean": 0.0251, "std": 0.16813682}, "Phi": {"mean": 6.187479, "std": 5.1571965}, "amw": {"mean": 376.55823, "std": 182.24422}, "chi0n": {"mean": 15.110393, "std": 7.6726933}, "chi0v": {"mean": 15.73719, "std": 7.751443}, "chi1n": {"mean": 8.7996235, "std": 4.720302}, "chi1v": {"mean": 9.441847, "std": 4.9277673}, "chi2n": {"mean": 4.643062, "std": 2.7816758}, "chi2v": {"mean": 5.290089, "std": 3.2141066}, "chi3n": {"mean": 4.643062, "std": 2.7816758}, "chi3v": {"mean": 5.290089, "std": 3.2141066}, "chi4n": {"mean": 3.223177, "std": 2.1493273}, "chi4v": {"mean": 3.750645, "std": 2.6128035}, "exactmw": {"mean": 376.1155, "std": 182.07228}, "hallKierAlpha": {"mean": -2.2764764, "std": 1.4931563}, "kappa1": {"mean": 18.896786, "std": 10.087085}, "kappa2": {"mean": 8.344741, "std": 5.7792134}, "kappa3": {"mean": 4.8641787, "std": 8.187902}, "labuteASA": {"mean": 156.38538, "std": 76.61534}, "lipinskiHBA": {"mean": 5.4604, "std": 3.636706}, "lipinskiHBD": {"mean": 1.5515, "std": 1.8918636}, "tpsa": {"mean": 71.40647, "std": 52.670692}}, "PC_VECTORS": [[0.11263622, 0.20618314, -0.0013080613, 0.086964905, 0.09378929, 0.09274338, 0.04042461, 0.10153686, 0.20445456, 0.053479724, 0.14807929, 0.09265144, 0.20875767, 0.14869998, 0.09190248, 0.14116704, 0.15205875, 0.07648093, 0.07607315, 0.021746032, 0.16180278, 0.20733613, 0.2083102, 0.20878631, 0.20764153, 0.2071729, 0.19986206, 0.19123705, 0.19986206, 0.19123705, 0.19183706, 0.17909868, 0.20738319, -0.14948203, 0.20483695, 0.180994, 0.08075206, 0.20909931, 0.15209068, 0.084562235, 0.13685748], [-0.35689712, -0.09271244, 0.22374272, 0.21679801, 0.15384908, 0.19634607, -0.11744369, -0.30062595, -0.015117067, 0.082277305, 0.19795853, 0.291076, -0.049822886, 0.20680888, 0.06786647, -0.17233326, 0.03201871, 0.25001156, 0.21464626, 0.026012676, 0.035037328, -0.032161232, -0.04779006, -0.05041261, -0.05639041, -0.055619955, -0.06148493, -0.067610994, -0.06148493, -0.067610994, -0.07107276, -0.076893665, -0.032032605, 0.13491152, 0.00738728, 0.007995794, 0.025884073, -0.054841, 0.24302053, 0.28892544, 0.27062863], [0.012939544, -0.02861433, 0.09718145, 0.31359702, 0.37450138, -0.10516333, 0.035648525, 0.026106615, -0.03802938, 0.14694, -0.06621459, -0.16847487, -0.03318395, -0.11324373, 0.2500328, 0.23573428, -0.2319272, 0.29208028, 0.3448158, 0.1795577, -0.20191641, -0.045422442, -0.031644307, -0.03446, -0.005360934, -0.0070384257, 0.10016833, 0.092389904, 0.10016833, 0.092389904, 0.14229764, 0.1277706, -0.045390937, 0.06335075, -0.09881423, -0.17100258, -0.16040419, -0.033710793, -0.109978914, -0.17812979, -0.15912367], [0.13359706, 0.0063072983, 0.36531353, -0.028316533, 0.090480186, -0.08381418, -0.38395274, -0.3029539, 0.11044729, 0.0073497356, -0.19520162, -0.10098767, -0.032646157, -0.18211049, -0.30389777, -0.21041507, 0.20762585, 0.009668514, 0.12086934, 0.04795928, 0.22125304, -0.020194374, 0.034946963, 0.033764523, 0.05651021, 0.060281385, 0.062384237, 0.07543505, 0.062384237, 0.07543505, 0.062346, 0.07641253, -0.02018831, 0.27856928, 0.06298306, 0.16202168, 0.1715266, -0.010132334, -0.18632458, -0.10314533, -0.17712581], [0.0070087514, -0.024290945, 0.14854799, 0.15187612, -0.11623913, -0.25932622, 0.36135006, -0.06510118, 0.018398024, -0.17397887, 0.22925891, -0.3056738, -0.021934807, 0.098008886, 0.37533337, -0.122445256, 0.18976766, 0.19288245, -0.03734351, -0.18077704, 0.18109033, -0.0009275709, -0.0009682844, 0.009379012, -0.0046645133, 0.017824957, -0.0898188, -0.043441873, -0.0898188, -0.043441873, -0.11737569, -0.06015155, -0.00091728586, 0.13981421, 0.02974641, 0.14438684, 0.25449544, -0.013501939, 0.073778436, -0.32301357, -0.04760199], [0.03206598, -0.015282053, 0.10572786, -0.13836144, 0.029544083, -0.3092521, 0.18272203, 0.0062142815, -0.0003552614, 0.6349174, 0.019475453, 0.16702428, -0.036232177, -0.045901194, 0.036316834, 0.022188824, 0.005777992, -0.13463393, 0.037688673, -0.55985796, -0.0044844667, -0.02285687, -0.023220643, -0.012173907, -0.01076081, 0.015242823, 0.014936512, 0.06226158, 0.014936512, 0.06226158, 0.029178377, 0.0798657, -0.022911558, 0.13631637, -0.022697056, -0.018693682, -0.014863742, -0.028781805, -0.057951402, 0.16532439, 0.010626589]], "PC_BIN_EDGES": {"pc0": [-2.6475556, -0.8682192, 1.4628421], "pc1": [-0.9034085, -0.002275862, 0.9333614], "pc2": [-1.1255512, -0.19436444, 0.96349096], "pc3": [-1.05414, -0.042974845, 0.952946], "pc4": [-0.58844084, 0.009463657, 0.6153217], "pc5": [-0.28890374, 0.035620693, 0.3239795]}}